battery_model,total_samples,train_samples,val_samples,test_samples,train_cycle_start,train_cycle_end,val_cycle_start,val_cycle_end,test_cycle_start,test_cycle_end,num_train_cycles,num_val_cycles,num_test_cycles,best_val_mse,val_rmse,val_mae,val_r2,val_physics_loss,test_rmse,test_mae,test_r2,test_inference_time_sec,test_physics_loss,epochs_ran,lambda_phys,hidden_dim,learning_rate,weight_decay,seed
B0005_soc_data,50290.0,29682.0,10343.0,10265.0,1.0,101.0,102.0,134.0,135.0,169.0,101.0,33.0,35.0,0.0002064015861833468,0.01436668269404707,0.01118161529302597,0.9979715347290039,2.0614556352681755e-06,0.02905192394087916,0.021868819370865822,0.9919314384460449,0.0008792999999993611,0.007141796904889479,217.0,0.2,64,0.001,1e-05,0
B0006_soc_data,50290.0,29682.0,10343.0,10265.0,1.0,101.0,102.0,134.0,135.0,169.0,101.0,33.0,35.0,0.00016307293844874948,0.012770002075202052,0.008493940345942974,0.9984403848648071,4.2884354741070625e-06,0.05756906342338778,0.04407886415719986,0.9695170521736145,0.0008317999999967185,0.007145640915397969,300.0,0.2,64,0.001,1e-05,0
B0007_soc_data,50290.0,29682.0,10343.0,10265.0,1.0,101.0,102.0,134.0,135.0,169.0,101.0,33.0,35.0,9.965821664081886e-05,0.00998289620505086,0.007995203137397766,0.9989292621612549,2.8990711237271556e-06,0.02364755049764753,0.016171135008335114,0.9941431879997253,0.0007913000000030479,0.007145841407509966,300.0,0.2,64,0.001,1e-05,0
B0018_soc_data,34866.0,23319.0,5894.0,5653.0,1.0,79.0,80.0,105.0,106.0,132.0,79.0,26.0,27.0,0.00030305879772640765,0.01740858402416485,0.014578543603420258,0.9969770312309265,1.16619248651697e-05,0.0186075380186955,0.014522415585815907,0.9965527653694153,0.000560399999997685,1.3400671988168536e-05,140.0,0.2,64,0.001,1e-05,0
AVERAGE,46434.0,28091.25,9230.75,9112.0,,,,,,,95.5,31.25,33.0,0.0001930478847498307,0.013632041249616209,0.010562325594946742,0.9980795532464981,5.227721774568023e-06,0.03221901897015249,0.024160308530554175,0.9880361109972,0.0007656999999992031,0.0053616699749463965,239.25,0.2,64,0.001,1e-05,0
