soc_bin,ocv_bin
0.0,3.2592442291794406
0.9999973703714293,4.187933166233807
