RMSE,MAE,R2,Test_Inference_Time_s
0.18288005804487237,0.14625583077985166,0.6803795289794605,0.8069367000134662
