RMSE,MAE,R2,Inference_Time
0.17334934932358373,0.13117188149414483,0.7128252067374192,0.9834011
