RMSE,MAE,R2,Inference_Time
0.09716844451730955,0.0737188515664121,0.9060760051246574,0.5459589999999999
