RMSE,MAE,R2,Test_Inference_Time_s
0.10180270943745903,0.07969285823179445,0.8969033084877167,0.437699000001885
