dataset,RMSE,MAE,R2,Inference_Time
B0005_soc_data,0.17334934932358373,0.13117188149414483,0.7128252067374192,0.9834011
B0006_soc_data,0.2804042014824925,0.21922985898805497,0.27734872997517246,0.9976091
B0007_soc_data,0.08522965503414107,0.06524356048419701,0.9239504980889225,1.0102045999999998
B0018_soc_data,0.09716844451730955,0.0737188515664121,0.9060760051246574,0.5459589999999999
