RMSE,MAE,R2,Test_Inference_Time_s
0.09479985532089989,0.07369584727943013,0.905912861207226,0.8041090999904554
