RMSE,MAE,R2,Inference_Time
0.08522965503414107,0.06524356048419701,0.9239504980889225,1.0102045999999998
