RMSE,MAE,R2,Inference_Time
0.2804042014824925,0.21922985898805497,0.27734872997517246,0.9976091
