RMSE,MAE,R2,Test_Inference_Time_s
0.3166197354750438,0.270634448830317,0.07862653563164923,0.7962843000132125
