soc_bin,ocv_bin
0.0,3.4396332593758987
0.9999964706736795,4.182118663598659
