soc_bin,ocv_bin
0.0,3.143517310328981
0.9999957318085274,4.200511877920726
