soc_bin,ocv_bin
0.0,3.4007026258480932
0.999997314388458,4.19555897776522
